department_id,program_name,trainer_name,avg_feedback_score,total_employees_trained,performance_score,performance_rating
DPT001,"Data Analysis Tools","Saira Kalla",5,430,Excellent,1
DPT001,"Data Analysis Tools","Kaira Gill",4.9,794,Excellent,1
DPT001,"Cloud Development","Rania Gandhi",4.9,794,Excellent,1
DPT001,"Advanced Networking","Nirvi Sarraf",4.9,813,Excellent,1
DPT001,"Cloud Development","Tushar Reddy",4.9,429,Excellent,1
DPT001,"Advanced Networking","Neysa Chakraborty",4.7,122,Average,1
DPT001,"Cybersecurity Fundamentals","Mishti Atwal",4.7,575,Excellent,1
DPT001,"Cybersecurity Fundamentals","Shayak Hayre",4.7,686,Good,1
DPT001,"Cloud Development","Krish Yogi",4.6,888,Excellent,1
DPT001,"Data Analysis Tools","Reyansh Rout",4.6,122,Average,1
DPT001,"Data Analysis Tools","Parinaaz Bath",4.6,919,Good,1
DPT001,"Cybersecurity Fundamentals","Zaina Gour",4.6,253,Average,1
DPT001,"Advanced Networking","Elakshi Ramanathan",4.5,657,Good,1
DPT001,"Cybersecurity Fundamentals","Anay Singhal",4.5,344,Excellent,1
DPT001,"Advanced Networking","Kavya Kulkarni",4.5,982,Good,1
DPT001,"Cybersecurity Fundamentals","Anay Chandra",4.4,813,Excellent,1
DPT001,"Cybersecurity Fundamentals","Alisha Ravi",4.4,948,Average,1
DPT001,"Cloud Development","Akarsh Goda",4.3,350,Average,1
DPT001,"Cloud Development","Lakshay Gill",4.2,156,Average,1
DPT001,"Cloud Development","Faiyaz Sehgal",4.1,794,Excellent,1
DPT001,"Cybersecurity Fundamentals","Ehsaan Rau",4.1,983,Excellent,1
DPT001,"Advanced Networking","Ojas Sachdeva",4.1,826,Excellent,1
DPT001,"Cybersecurity Fundamentals","Jayant Madan",4,341,Average,1
DPT001,"Data Analysis Tools","Shamik Bhatnagar",4,980,Good,1
DPT001,"Cloud Development","Zain Chacko",3.9,982,Good,1
DPT001,"Advanced Networking","Manikya Sharma",3.9,710,Good,1
DPT001,"Cloud Development","Ayesha Iyer",3.9,982,Good,1
DPT001,"Advanced Networking","Mishti Sule",3.8,778,Average,1
DPT001,"Advanced Networking","Taran Borde",3.8,963,Good,1
DPT001,"Data Analysis Tools","Ranbir Kapur",3.7,324,Average,1
DPT001,"Data Analysis Tools","Hrishita Basak",3.7,982,Good,1
DPT001,"Cloud Development","Manikya Bhalla",3.7,686,Good,1
DPT001,"Data Analysis Tools","Mannat Yogi",3.6,999,Average,1
DPT001,"Advanced Networking","Nirvaan Chhabra",3.6,593,Excellent,1
DPT001,"Cloud Development","Hiran Gala",3.5,897,Excellent,1
DPT001,"Cybersecurity Fundamentals","Siya Dayal",3.5,723,Average,1
DPT001,"Cloud Development","Onkar Devan",3.5,950,Average,1
DPT001,"Cloud Development","Zeeshan Kashyap",3.4,977,Average,1
DPT001,"Advanced Networking","Divit Sekhon",3.3,596,Excellent,1
DPT001,"Cloud Development","Shalv Garg",3.2,122,Average,1
DPT001,"Cloud Development","Elakshi Bava",3.2,593,Excellent,1
DPT001,"Data Analysis Tools","Rania Kapur",3.2,513,Average,1
DPT001,"Cybersecurity Fundamentals","Chirag Dutta",3.2,341,Average,1
DPT001,"Data Analysis Tools","Akarsh Lal",3.1,341,Average,1
DPT001,"Cloud Development","Ryan Ramachandran",3.1,341,Average,1
DPT001,"Cybersecurity Fundamentals","Himmat Yogi",3.1,769,Average,1
DPT001,"Cloud Development","Dhanush Gade",3.1,127,Good,1
DPT001,"Data Analysis Tools","Alia Viswanathan",3,637,Average,1
DPT002,"Cloud Development","Kanav Setty",4.9,111,Excellent,1
DPT002,"Cybersecurity Fundamentals","Aradhya Sura",4.8,525,Excellent,1
DPT002,"Cloud Development","Dhruv Thakkar",4.8,246,Good,1
DPT002,"Cybersecurity Fundamentals","Shaan Shah",4.8,216,Average,1
DPT002,"Advanced Networking","Zara Sur",4.8,562,Average,1
DPT002,"Cloud Development","Nirvaan Kaur",4.7,558,Average,1
DPT002,"Advanced Networking","Yuvaan Chhabra",4.7,737,Average,1
DPT002,"Data Analysis Tools","Indrans Ramachandran",4.7,728,Good,1
DPT002,"Advanced Networking","Ojas Ray",4.6,719,Good,1
DPT002,"Data Analysis Tools","Aayush Contractor",4.6,953,Good,1
DPT002,"Data Analysis Tools","Saanvi Dâ€™Alia",4.6,981,Average,1
DPT002,"Cloud Development","Ojas Balay",4.6,651,Good,1
DPT002,"Cloud Development","Azad Warrior",4.6,693,Average,1
DPT002,"Data Analysis Tools","Navya Atwal",4.5,917,Average,1
DPT002,"Data Analysis Tools","Trisha Chahal",4.4,719,Good,1
DPT002,"Cloud Development","Mannat Gola",4.4,563,Excellent,1
DPT002,"Advanced Networking","Charvi Khalsa",4.4,786,Excellent,1
DPT002,"Data Analysis Tools","Heer Gole",4.3,728,Good,1
DPT002,"Cloud Development","Shanaya Bora",4.3,928,Good,1
DPT002,"Cloud Development","Sumer Dugar",4.3,661,Average,1
DPT002,"Cybersecurity Fundamentals","Anika Das",4.2,929,Average,1
DPT002,"Cloud Development","Vardaniya Dugal",4.1,768,Excellent,1
DPT002,"Cloud Development","Ahana  Bala",4.1,580,Good,1
DPT002,"Cloud Development","Pranay Guha",4.1,111,Excellent,1
DPT002,"Cybersecurity Fundamentals","Seher Date",4.1,650,Good,1
DPT002,"Advanced Networking","Zain Gera",4.1,728,Good,1
DPT002,"Cybersecurity Fundamentals","Hrishita Grover",4,111,Excellent,1
DPT002,"Advanced Networking","Bhamini Saha",4,911,Average,1
DPT002,"Cloud Development","Kavya Kumar",3.9,880,Excellent,1
DPT002,"Cloud Development","Zeeshan Lall",3.9,558,Average,1
DPT002,"Cloud Development","Mishti Soman",3.9,693,Average,1
DPT002,"Advanced Networking","Miraan Sani",3.9,320,Average,1
DPT002,"Cloud Development","Mohanlal Master",3.8,719,Good,1
DPT002,"Data Analysis Tools","Nayantara Shenoy",3.7,728,Good,1
DPT002,"Cybersecurity Fundamentals","Nirvaan Vig",3.7,929,Average,1
DPT002,"Cybersecurity Fundamentals","Shalv Subramanian",3.6,155,Excellent,1
DPT002,"Data Analysis Tools","Eshani Sathe",3.6,515,Average,1
DPT002,"Cloud Development","Charvi Bhagat",3.6,578,Excellent,1
DPT002,"Cybersecurity Fundamentals","Rania Hari",3.5,272,Good,1
DPT002,"Data Analysis Tools","Anahi Chakraborty",3.5,873,Good,1
DPT002,"Advanced Networking","Yuvraj  Wason",3.4,132,Average,1
DPT002,"Cloud Development","Heer Chand",3.4,704,Average,1
DPT002,"Advanced Networking","Baiju Baria",3.4,693,Average,1
DPT002,"Cloud Development","Ahana  Gola",3.4,728,Good,1
DPT002,"Cloud Development","Vedika Srinivasan",3.4,938,Excellent,1
DPT002,"Cybersecurity Fundamentals","Onkar Rau",3.4,108,Good,1
DPT002,"Cloud Development","Lakshit Sridhar",3.3,719,Good,1
DPT002,"Cloud Development","Jiya Kadakia",3.3,942,Excellent,1
DPT002,"Data Analysis Tools","Lagan Wason",3.3,831,Excellent,1
DPT002,"Data Analysis Tools","Aaina Ramachandran",3.2,616,Good,1
DPT002,"Cybersecurity Fundamentals","Hiran Kulkarni",3.2,990,Average,1
DPT002,"Cybersecurity Fundamentals","Onkar Soman",3.2,661,Average,1
DPT002,"Advanced Networking","Yuvaan Sharaf",3.2,515,Average,1
DPT002,"Cybersecurity Fundamentals","Lagan Bawa",3.2,111,Excellent,1
DPT002,"Cloud Development","Ivana Halder",3.2,233,Average,1
DPT002,"Cloud Development","Seher Yohannan",3.1,375,Average,1
DPT002,"Advanced Networking","Nishith Kurian",3.1,693,Average,1
DPT002,"Cloud Development","Kimaya Brar",3.1,693,Average,1
DPT002,"Advanced Networking","Kanav Sinha",3,929,Average,1
DPT002,"Cybersecurity Fundamentals","Shaan Chatterjee",3,661,Average,1
DPT003,"Advanced Networking","Darshit Sankar",5,297,Good,1
DPT003,"Data Analysis Tools","Neelofar Brar",5,520,Excellent,1
DPT003,"Cybersecurity Fundamentals","Vihaan Ramachandran",5,569,Excellent,1
DPT003,"Cybersecurity Fundamentals","Indrajit Samra",4.7,624,Excellent,1
DPT003,"Advanced Networking","Lagan Bajwa",4.7,635,Excellent,1
DPT003,"Advanced Networking","Aarav Sastry",4.7,195,Average,1
DPT003,"Cloud Development","Jhanvi Baral",4.7,855,Average,1
DPT003,"Cloud Development","Samarth Gera",4.6,471,Excellent,1
DPT003,"Data Analysis Tools","Mahika Sarin",4.5,872,Excellent,1
DPT003,"Advanced Networking","Samar Dâ€™Alia",4.4,624,Excellent,1
DPT003,"Cloud Development","Faiyaz Subramaniam",4.3,731,Average,1
DPT003,"Data Analysis Tools","Kaira Krish",4.3,337,Good,1
DPT003,"Cloud Development","Anahi Ramaswamy",4.3,502,Good,1
DPT003,"Cloud Development","Jayesh Bandi",4.3,145,Excellent,1
DPT003,"Advanced Networking","Kanav Arora",4.3,262,Excellent,1
DPT003,"Cybersecurity Fundamentals","Vihaan Devan",4.2,502,Good,1
DPT003,"Advanced Networking","Zain Aggarwal",4.2,291,Average,1
DPT003,"Cybersecurity Fundamentals","Uthkarsh Rajagopalan",4.1,264,Good,1
DPT003,"Advanced Networking","Tiya Biswas",4.1,262,Excellent,1
DPT003,"Data Analysis Tools","Manikya Soman",4,789,Excellent,1
DPT003,"Cybersecurity Fundamentals","Badal Seth",3.9,431,Good,1
DPT003,"Cloud Development","Ehsaan Sachdeva",3.8,392,Average,1
DPT003,"Cloud Development","Amira Mane",3.8,241,Excellent,1
DPT003,"Cybersecurity Fundamentals","Khushi Virk",3.8,624,Excellent,1
DPT003,"Cybersecurity Fundamentals","Nishith Chaudry",3.8,100,Average,1
DPT003,"Cloud Development","Pihu Singh",3.7,502,Good,1
DPT003,"Cloud Development","Rania Konda",3.7,182,Average,1
DPT003,"Cloud Development","Divit Thaman",3.7,671,Excellent,1
DPT003,"Cloud Development","Saira Sha",3.6,262,Excellent,1
DPT003,"Data Analysis Tools","Kiaan Konda",3.6,502,Good,1
DPT003,"Cloud Development","Shalv Chaudhari",3.6,250,Average,1
DPT003,"Cloud Development","Hiran Din",3.6,455,Excellent,1
DPT003,"Data Analysis Tools","Kabir Mand",3.6,229,Average,1
DPT003,"Cloud Development","Shanaya Batra",3.6,425,Excellent,1
DPT003,"Cybersecurity Fundamentals","Zoya Singh",3.6,632,Average,1
DPT003,"Cybersecurity Fundamentals","Anaya Thaker",3.5,801,Average,1
DPT003,"Cloud Development","Rohan Dube",3.5,576,Excellent,1
DPT003,"Cloud Development","Trisha Madan",3.5,879,Excellent,1
DPT003,"Advanced Networking","Aayush Loke",3.5,457,Excellent,1
DPT003,"Cybersecurity Fundamentals","Tushar Bahri",3.3,502,Good,1
DPT003,"Data Analysis Tools","Indrajit Bains",3.3,624,Excellent,1
DPT003,"Advanced Networking","Diya Chacko",3.2,334,Good,1
DPT003,"Advanced Networking","Stuvan Thaman",3.2,636,Average,1
DPT003,"Cloud Development","Trisha Arya",3.1,422,Good,1
DPT003,"Cybersecurity Fundamentals","Zain Krish",3.1,512,Excellent,1
DPT003,"Cybersecurity Fundamentals","Sumer Bandi",3.1,856,Average,1
DPT003,"Advanced Networking","Heer Kapoor",3.1,262,Excellent,1
DPT003,"Cybersecurity Fundamentals","Sahil Sami",3,941,Average,1
DPT003,"Cybersecurity Fundamentals","Vardaniya Mand",3,595,Good,1
DPT004,"Cloud Development","Aaina Sachdeva",4.9,747,Excellent,1
DPT004,"Cybersecurity Fundamentals","Tarini Tandon",4.8,565,Good,1
DPT004,"Data Analysis Tools","Samaira Chakraborty",4.8,402,Good,1
DPT004,"Cloud Development","Kismat Saxena",4.8,783,Good,1
DPT004,"Cloud Development","Aaryahi Bhakta",4.8,753,Good,1
DPT004,"Cybersecurity Fundamentals","Tarini Goda",4.8,675,Good,1
DPT004,"Advanced Networking","Aaryahi Jain",4.7,143,Excellent,1
DPT004,"Advanced Networking","Ira Chatterjee",4.5,519,Good,1
DPT004,"Cybersecurity Fundamentals","Tejas Deshpande",4.5,472,Average,1
DPT004,"Data Analysis Tools","Vritika Agrawal",4.4,871,Average,1
DPT004,"Cybersecurity Fundamentals","Anay Shere",4.4,194,Excellent,1
DPT004,"Cybersecurity Fundamentals","Saksham Seshadri",4.4,239,Average,1
DPT004,"Cybersecurity Fundamentals","Neysa Ben",4.3,370,Excellent,1
DPT004,"Advanced Networking","Amani Savant",4.3,759,Good,1
DPT004,"Cybersecurity Fundamentals","Hansh Jaggi",4.3,860,Excellent,1
DPT004,"Advanced Networking","Jayesh Hari",4.2,958,Average,1
DPT004,"Cybersecurity Fundamentals","Nakul Babu",4.1,441,Average,1
DPT004,"Data Analysis Tools","Hiran Khare",4.1,370,Excellent,1
DPT004,"Cloud Development","Kabir Char",4,672,Good,1
DPT004,"Advanced Networking","Vaibhav Amble",4,659,Excellent,1
DPT004,"Cloud Development","Shlok Sangha",4,309,Excellent,1
DPT004,"Advanced Networking","Anay Shenoy",3.9,565,Good,1
DPT004,"Advanced Networking","Nitya Gera",3.9,884,Average,1
DPT004,"Advanced Networking","Nitya Saran",3.9,370,Excellent,1
DPT004,"Data Analysis Tools","Mehul Vohra",3.8,181,Excellent,1
DPT004,"Cloud Development","Kabir Bora",3.8,903,Excellent,1
DPT004,"Data Analysis Tools","Rania Gill",3.8,675,Good,1
DPT004,"Data Analysis Tools","Neysa Mallick",3.6,565,Good,1
DPT004,"Cloud Development","Yakshit Sule",3.6,717,Excellent,1
DPT004,"Data Analysis Tools","Tara Thaman",3.5,588,Average,1
DPT004,"Data Analysis Tools","Advika Choudhry",3.5,923,Average,1
DPT004,"Advanced Networking","Mannat Ahluwalia",3.4,717,Excellent,1
DPT004,"Cloud Development","Oorja Krishna",3.4,370,Excellent,1
DPT004,"Cybersecurity Fundamentals","Samiha Hayer",3.4,263,Good,1
DPT004,"Cloud Development","Vidur Wason",3.3,717,Excellent,1
DPT004,"Advanced Networking","Ritvik Gopal",3.3,820,Good,1
DPT004,"Advanced Networking","Amani Arora",3.3,998,Average,1
DPT004,"Advanced Networking","Sana Madan",3.3,675,Good,1
DPT004,"Cybersecurity Fundamentals","Lagan Bail",3.2,533,Average,1
DPT004,"Cybersecurity Fundamentals","Himmat Kalita",3.1,517,Average,1
DPT004,"Cloud Development","Darshit Hegde",3.1,659,Excellent,1
DPT004,"Data Analysis Tools","Biju Vora",3,717,Excellent,1
DPT004,"Cybersecurity Fundamentals","Mamooty Grewal",3,674,Average,1
