project_id,project_name,cost_per_hour,avg_project_hours
88,"Web Application Revamp",1.2754,123.8246
548,"Web Application Revamp",5.3725,123.8246
84,"Web Application Revamp",0.4773,123.8246
75,"Web Application Revamp",1.5000,123.8246
304,"Web Application Revamp",2.6435,123.8246
737,"Web Application Revamp",4.4667,123.8246
68,"Web Application Revamp",1.3077,123.8246
272,"Web Application Revamp",3.0562,123.8246
59,"Web Application Revamp",0.3986,123.8246
755,"Web Application Revamp",9.4375,123.8246
53,"Web Application Revamp",0.9298,123.8246
1,"Web Application Revamp",0.0081,123.8246
782,"Web Application Revamp",4.0103,123.8246
783,"Web Application Revamp",10.7260,123.8246
786,"Web Application Revamp",8.5435,123.8246
51,"Web Application Revamp",0.7500,123.8246
793,"Web Application Revamp",6.1000,123.8246
598,"Web Application Revamp",3.9342,123.8246
48,"Web Application Revamp",0.4364,123.8246
42,"Web Application Revamp",0.2320,123.8246
813,"Web Application Revamp",7.5278,123.8246
600,"Web Application Revamp",5.0000,123.8246
241,"Web Application Revamp",1.9917,123.8246
526,"Web Application Revamp",2.8432,123.8246
557,"Web Application Revamp",3.1648,123.8246
835,"Web Application Revamp",9.9405,123.8246
839,"Web Application Revamp",6.4538,123.8246
298,"Web Application Revamp",1.9605,123.8246
240,"Web Application Revamp",2.8235,123.8246
517,"Web Application Revamp",5.8750,123.8246
858,"Web Application Revamp",6.5496,123.8246
199,"Web Application Revamp",1.0699,123.8246
861,"Web Application Revamp",4.6290,123.8246
195,"Web Application Revamp",1.0104,123.8246
189,"Web Application Revamp",3.4364,123.8246
152,"Web Application Revamp",1.0556,123.8246
136,"Web Application Revamp",1.3465,123.8246
433,"Web Application Revamp",3.3828,123.8246
889,"Web Application Revamp",14.8167,123.8246
357,"Web Application Revamp",6.6111,123.8246
352,"Web Application Revamp",3.9111,123.8246
115,"Web Application Revamp",0.8099,123.8246
679,"Web Application Revamp",5.5203,123.8246
903,"Web Application Revamp",4.9615,123.8246
923,"Web Application Revamp",9.3232,123.8246
941,"Web Application Revamp",11.2024,123.8246
585,"Web Application Revamp",3.6563,123.8246
954,"Web Application Revamp",6.8143,123.8246
961,"Web Application Revamp",5.1117,123.8246
101,"Web Application Revamp",0.5739,123.8246
99,"Web Application Revamp",0.5723,123.8246
972,"Web Application Revamp",5.7857,123.8246
702,"Web Application Revamp",10.1739,123.8246
711,"Web Application Revamp",5.0426,123.8246
983,"Web Application Revamp",12.2875,123.8246
992,"Web Application Revamp",5.1399,123.8246
996,"Web Application Revamp",7.3235,123.8246
355,"Mobile App Development",2.1386,122.8571
356,"Mobile App Development",3.3905,122.8571
380,"Mobile App Development",6.2295,122.8571
387,"Mobile App Development",7.5882,122.8571
410,"Mobile App Development",2.6282,122.8571
435,"Mobile App Development",3.5950,122.8571
452,"Mobile App Development",5.1364,122.8571
453,"Mobile App Development",2.3717,122.8571
488,"Mobile App Development",3.7538,122.8571
494,"Mobile App Development",4.7048,122.8571
498,"Mobile App Development",6.6400,122.8571
512,"Mobile App Development",4.0960,122.8571
516,"Mobile App Development",3.2453,122.8571
388,"Mobile App Development",3.4955,122.8571
552,"Mobile App Development",6.0000,122.8571
561,"Mobile App Development",2.9526,122.8571
571,"Mobile App Development",9.2097,122.8571
572,"Mobile App Development",11.4400,122.8571
578,"Mobile App Development",5.5577,122.8571
586,"Mobile App Development",4.3407,122.8571
589,"Mobile App Development",7.1829,122.8571
619,"Mobile App Development",4.6541,122.8571
624,"Mobile App Development",4.6567,122.8571
626,"Mobile App Development",10.6102,122.8571
635,"Mobile App Development",3.6494,122.8571
656,"Mobile App Development",6.3689,122.8571
658,"Mobile App Development",4.4762,122.8571
664,"Mobile App Development",7.0638,122.8571
685,"Mobile App Development",7.3656,122.8571
720,"Mobile App Development",4.6753,122.8571
728,"Mobile App Development",5.9187,122.8571
752,"Mobile App Development",14.1887,122.8571
772,"Mobile App Development",4.6788,122.8571
795,"Mobile App Development",6.2598,122.8571
814,"Mobile App Development",5.6528,122.8571
13,"Mobile App Development",0.1340,122.8571
33,"Mobile App Development",0.4783,122.8571
827,"Mobile App Development",4.6723,122.8571
843,"Mobile App Development",5.4387,122.8571
34,"Mobile App Development",0.2394,122.8571
95,"Mobile App Development",1.1728,122.8571
744,"Mobile App Development",7.0857,122.8571
108,"Mobile App Development",1.3333,122.8571
869,"Mobile App Development",5.5350,122.8571
256,"Mobile App Development",1.5148,122.8571
880,"Mobile App Development",8.0000,122.8571
123,"Mobile App Development",0.7688,122.8571
154,"Mobile App Development",1.5098,122.8571
174,"Mobile App Development",1.0675,122.8571
175,"Mobile App Development",1.0479,122.8571
203,"Mobile App Development",1.4097,122.8571
948,"Mobile App Development",12.3117,122.8571
963,"Mobile App Development",5.1223,122.8571
237,"Mobile App Development",1.3860,122.8571
333,"Mobile App Development",1.9704,122.8571
339,"Mobile App Development",2.5299,122.8571
760,"Data Migration",4.0860,119.6216
3,"Data Migration",0.0526,119.6216
191,"Data Migration",3.1311,119.6216
17,"Data Migration",0.2394,119.6216
902,"Data Migration",5.3059,119.6216
198,"Data Migration",1.0588,119.6216
812,"Data Migration",11.6000,119.6216
979,"Data Migration",7.7087,119.6216
533,"Data Migration",10.4510,119.6216
211,"Data Migration",1.5746,119.6216
701,"Data Migration",5.0071,119.6216
753,"Data Migration",5.3786,119.6216
980,"Data Migration",5.5367,119.6216
70,"Data Migration",0.3646,119.6216
73,"Data Migration",1.1406,119.6216
726,"Data Migration",8.1573,119.6216
239,"Data Migration",1.3204,119.6216
249,"Data Migration",1.8309,119.6216
595,"Data Migration",3.6061,119.6216
268,"Data Migration",2.3103,119.6216
285,"Data Migration",1.4467,119.6216
296,"Data Migration",5.5849,119.6216
305,"Data Migration",4.0667,119.6216
677,"Data Migration",10.5781,119.6216
116,"Data Migration",0.8467,119.6216
317,"Data Migration",1.6256,119.6216
503,"Data Migration",6.6184,119.6216
134,"Data Migration",0.7929,119.6216
655,"Data Migration",12.8431,119.6216
149,"Data Migration",0.9255,119.6216
650,"Data Migration",7.1429,119.6216
500,"Data Migration",2.6882,119.6216
419,"Data Migration",4.8721,119.6216
535,"Data Migration",7.3288,119.6216
472,"Data Migration",4.0000,119.6216
881,"Data Migration",9.5761,119.6216
643,"Data Migration",7.3068,119.6216
385,"Infrastructure Upgrade",5.0658,118.7000
501,"Infrastructure Upgrade",10.0200,118.7000
519,"Infrastructure Upgrade",4.4741,118.7000
808,"Infrastructure Upgrade",13.2459,118.7000
50,"Infrastructure Upgrade",0.2674,118.7000
787,"Infrastructure Upgrade",4.6568,118.7000
860,"Infrastructure Upgrade",6.8800,118.7000
723,"Infrastructure Upgrade",8.2159,118.7000
87,"Infrastructure Upgrade",0.8286,118.7000
713,"Infrastructure Upgrade",3.7926,118.7000
397,"Infrastructure Upgrade",6.8448,118.7000
117,"Infrastructure Upgrade",1.0541,118.7000
693,"Infrastructure Upgrade",5.2105,118.7000
398,"Infrastructure Upgrade",2.0515,118.7000
409,"Infrastructure Upgrade",2.9214,118.7000
416,"Infrastructure Upgrade",3.3280,118.7000
423,"Infrastructure Upgrade",8.1346,118.7000
176,"Infrastructure Upgrade",1.1733,118.7000
186,"Infrastructure Upgrade",1.2483,118.7000
641,"Infrastructure Upgrade",4.7132,118.7000
640,"Infrastructure Upgrade",5.1613,118.7000
559,"Infrastructure Upgrade",3.4294,118.7000
551,"Infrastructure Upgrade",4.3386,118.7000
632,"Infrastructure Upgrade",12.6400,118.7000
603,"Infrastructure Upgrade",5.9703,118.7000
330,"Infrastructure Upgrade",2.2917,118.7000
449,"Infrastructure Upgrade",2.6105,118.7000
530,"Infrastructure Upgrade",3.4416,118.7000
542,"Infrastructure Upgrade",8.2121,118.7000
594,"Infrastructure Upgrade",4.7520,118.7000
460,"Infrastructure Upgrade",2.6901,118.7000
277,"Infrastructure Upgrade",4.1970,118.7000
362,"Infrastructure Upgrade",3.1478,118.7000
378,"Infrastructure Upgrade",2.8209,118.7000
284,"Infrastructure Upgrade",2.8980,118.7000
382,"Infrastructure Upgrade",5.4571,118.7000
815,"Infrastructure Upgrade",4.2895,118.7000
819,"Infrastructure Upgrade",5.3529,118.7000
844,"Infrastructure Upgrade",8.7917,118.7000
495,"Infrastructure Upgrade",6.7808,118.7000
867,"Infrastructure Upgrade",4.3350,118.7000
872,"Infrastructure Upgrade",13.8413,118.7000
238,"Infrastructure Upgrade",2.4792,118.7000
890,"Infrastructure Upgrade",10.8537,118.7000
894,"Infrastructure Upgrade",12.4167,118.7000
901,"Infrastructure Upgrade",5.8129,118.7000
290,"Infrastructure Upgrade",1.7160,118.7000
969,"Infrastructure Upgrade",8.7297,118.7000
252,"Infrastructure Upgrade",2.3119,118.7000
850,"Infrastructure Upgrade",11.6438,118.7000
