employeeid,employeename,technologies_covered,manager_id,department_id,technologies_used,milestones_achieved,"training_completed ?",total_projects_by_employee
520,"Krish Varughese","AWS, Azure",105,DPT003,"Azure, Python",1,Completed,37
794,"Charvi Mander","Cisco Routers, Azure",105,DPT001,"Azure, Python",1,Completed,37
229,"Yasmin Varughese","CCNA, Azure",105,DPT003,"Azure, Python",1,Completed,37
778,"Shray Chauhan","AWS, Azure",105,DPT001,"Azure, Python",1,Completed,37
783,"Anahita Bakshi","Azure, AWS",105,DPT004,"Azure, Python",1,Completed,37
431,"Jiya Dave","AWS, Azure",105,DPT003,"Azure, Python",1,Completed,37
575,"Neysa Sahota","Azure, AWS",105,DPT001,"Azure, Python",1,Completed,37
565,"Vihaan Ganguly","CCNA, Azure",105,DPT004,"Azure, Python",1,Completed,37
588,"Kimaya Bhakta","Azure, Power BI",105,DPT004,"Azure, Python",1,Completed,37
262,"Vaibhav Sidhu","Azure, Cisco Routers",105,DPT003,"Azure, Python",1,Completed,37
958,"Raghav Dani","Azure, Power BI",105,DPT004,"Azure, Python",1,Completed,37
674,"Mishti Khosla","CCNA, Azure",105,DPT004,"Azure, Python",1,Completed,37
982,"Ivana Tank","Cisco Routers, Azure",105,DPT001,"Azure, Python",1,Completed,37
786,"Nishith Sastry","Azure, CCNA",105,DPT002,"Azure, Python",1,Completed,37
262,"Vaibhav Sidhu","Azure, CCNA",105,DPT003,"Azure, Python",1,Completed,37
855,"Kartik Ganesan","Azure, CCNA",105,DPT003,"Azure, Python",1,Completed,37
334,"Trisha Bhat","Azure, AWS",105,DPT003,"Azure, Python",1,Completed,37
820,"Ishaan Chowdhury","Cisco Routers, Azure",105,DPT004,"Azure, Python",1,Completed,37
675,"Aaina Bumb","Azure, Power BI",105,DPT004,"Azure, Python",1,Completed,37
502,"Sahil Srinivas","CCNA, Azure",105,DPT003,"Azure, Python",1,Completed,37
309,"Aarush Mandal","AWS, Azure",105,DPT004,"Azure, Python",1,Completed,37
717,"Oorja Mahajan","Azure, AWS",105,DPT004,"Azure, Python",1,Completed,37
719,"Vaibhav Devi","Azure, Power BI",105,DPT002,"Azure, Python",1,Completed,37
111,"Hiran Sidhu","Cisco Routers, Azure",105,DPT002,"Azure, Python",1,Completed,37
719,"Vaibhav Devi","Azure, Power BI",105,DPT002,"Azure, Python",1,Completed,37
181,"Nakul Batra","Azure, Cisco Routers",105,DPT004,"Azure, Python",1,Completed,37
350,"Alisha Tandon","Azure, CCNA",105,DPT001,"Azure, Python",1,Completed,37
650,"Eva Bhandari","Azure, CCNA",105,DPT002,"Azure, Python",1,Completed,37
672,"Anika Subramaniam","Cisco Routers, Azure",105,DPT004,"Azure, Python",1,Completed,37
860,"Jiya Kumar","Cisco Routers, Azure",105,DPT004,"Azure, Python",1,Completed,37
759,"Umang Choudhry","Cisco Routers, Azure",105,DPT004,"Azure, Python",1,Completed,37
341,"Raghav Sastry","Power BI, Azure",105,DPT001,"Azure, Python",1,Completed,37
624,"Riaan Kunda","Power BI, Azure",105,DPT003,"Azure, Python",1,Completed,37
963,"Ehsaan Dash","Power BI, Azure",105,DPT001,"Azure, Python",1,Completed,37
624,"Riaan Kunda","AWS, Azure",105,DPT003,"Azure, Python",1,Completed,37
264,"Seher Hari","Azure, Power BI",105,DPT003,"Azure, Python",1,Completed,37
977,"Manikya Shenoy","Power BI, Azure",105,DPT001,"Azure, Python",1,Completed,37
855,"Kartik Ganesan","Azure, CCNA",103,DPT003,"Azure, Python",1,Completed,37
341,"Raghav Sastry","Power BI, Azure",103,DPT001,"Azure, Python",1,Completed,37
778,"Shray Chauhan","AWS, Azure",103,DPT001,"Azure, Python",1,Completed,37
963,"Ehsaan Dash","Power BI, Azure",103,DPT001,"Azure, Python",1,Completed,37
672,"Anika Subramaniam","Cisco Routers, Azure",103,DPT004,"Azure, Python",1,Completed,37
334,"Trisha Bhat","Azure, AWS",103,DPT003,"Azure, Python",1,Completed,37
674,"Mishti Khosla","CCNA, Azure",103,DPT004,"Azure, Python",1,Completed,37
575,"Neysa Sahota","Azure, AWS",103,DPT001,"Azure, Python",1,Completed,37
520,"Krish Varughese","AWS, Azure",103,DPT003,"Azure, Python",1,Completed,37
229,"Yasmin Varughese","CCNA, Azure",103,DPT003,"Azure, Python",1,Completed,37
624,"Riaan Kunda","AWS, Azure",103,DPT003,"Azure, Python",1,Completed,37
783,"Anahita Bakshi","Azure, AWS",103,DPT004,"Azure, Python",1,Completed,37
565,"Vihaan Ganguly","CCNA, Azure",103,DPT004,"Azure, Python",1,Completed,37
759,"Umang Choudhry","Cisco Routers, Azure",103,DPT004,"Azure, Python",1,Completed,37
958,"Raghav Dani","Azure, Power BI",103,DPT004,"Azure, Python",1,Completed,37
719,"Vaibhav Devi","Azure, Power BI",103,DPT002,"Azure, Python",1,Completed,37
350,"Alisha Tandon","Azure, CCNA",103,DPT001,"Azure, Python",1,Completed,37
982,"Ivana Tank","Cisco Routers, Azure",103,DPT001,"Azure, Python",1,Completed,37
719,"Vaibhav Devi","Azure, Power BI",103,DPT002,"Azure, Python",1,Completed,37
675,"Aaina Bumb","Azure, Power BI",103,DPT004,"Azure, Python",1,Completed,37
717,"Oorja Mahajan","Azure, AWS",103,DPT004,"Azure, Python",1,Completed,37
820,"Ishaan Chowdhury","Cisco Routers, Azure",103,DPT004,"Azure, Python",1,Completed,37
111,"Hiran Sidhu","Cisco Routers, Azure",103,DPT002,"Azure, Python",1,Completed,37
860,"Jiya Kumar","Cisco Routers, Azure",103,DPT004,"Azure, Python",1,Completed,37
786,"Nishith Sastry","Azure, CCNA",103,DPT002,"Azure, Python",1,Completed,37
624,"Riaan Kunda","Power BI, Azure",103,DPT003,"Azure, Python",1,Completed,37
264,"Seher Hari","Azure, Power BI",103,DPT003,"Azure, Python",1,Completed,37
262,"Vaibhav Sidhu","Azure, Cisco Routers",103,DPT003,"Azure, Python",1,Completed,37
309,"Aarush Mandal","AWS, Azure",103,DPT004,"Azure, Python",1,Completed,37
588,"Kimaya Bhakta","Azure, Power BI",103,DPT004,"Azure, Python",1,Completed,37
431,"Jiya Dave","AWS, Azure",103,DPT003,"Azure, Python",1,Completed,37
502,"Sahil Srinivas","CCNA, Azure",103,DPT003,"Azure, Python",1,Completed,37
977,"Manikya Shenoy","Power BI, Azure",103,DPT001,"Azure, Python",1,Completed,37
794,"Charvi Mander","Cisco Routers, Azure",103,DPT001,"Azure, Python",1,Completed,37
262,"Vaibhav Sidhu","Azure, CCNA",103,DPT003,"Azure, Python",1,Completed,37
181,"Nakul Batra","Azure, Cisco Routers",103,DPT004,"Azure, Python",1,Completed,37
650,"Eva Bhandari","Azure, CCNA",103,DPT002,"Azure, Python",1,Completed,37
229,"Yasmin Varughese","CCNA, Azure",102,DPT003,"Node.js, Azure",1,Completed,37
794,"Charvi Mander","Cisco Routers, Azure",102,DPT001,"Node.js, Azure",1,Completed,37
309,"Aarush Mandal","AWS, Azure",102,DPT004,"Node.js, Azure",1,Completed,37
431,"Jiya Dave","AWS, Azure",102,DPT003,"Node.js, Azure",1,Completed,37
181,"Nakul Batra","Azure, Cisco Routers",102,DPT004,"Node.js, Azure",1,Completed,37
262,"Vaibhav Sidhu","Azure, Cisco Routers",102,DPT003,"Node.js, Azure",1,Completed,37
977,"Manikya Shenoy","Power BI, Azure",102,DPT001,"Node.js, Azure",1,Completed,37
786,"Nishith Sastry","Azure, CCNA",102,DPT002,"Node.js, Azure",1,Completed,37
963,"Ehsaan Dash","Power BI, Azure",102,DPT001,"Node.js, Azure",1,Completed,37
262,"Vaibhav Sidhu","Azure, CCNA",102,DPT003,"Node.js, Azure",1,Completed,37
719,"Vaibhav Devi","Azure, Power BI",102,DPT002,"Node.js, Azure",1,Completed,37
264,"Seher Hari","Azure, Power BI",102,DPT003,"Node.js, Azure",1,Completed,37
350,"Alisha Tandon","Azure, CCNA",102,DPT001,"Node.js, Azure",1,Completed,37
672,"Anika Subramaniam","Cisco Routers, Azure",102,DPT004,"Node.js, Azure",1,Completed,37
759,"Umang Choudhry","Cisco Routers, Azure",102,DPT004,"Node.js, Azure",1,Completed,37
860,"Jiya Kumar","Cisco Routers, Azure",102,DPT004,"Node.js, Azure",1,Completed,37
624,"Riaan Kunda","AWS, Azure",102,DPT003,"Node.js, Azure",1,Completed,37
624,"Riaan Kunda","Power BI, Azure",102,DPT003,"Node.js, Azure",1,Completed,37
502,"Sahil Srinivas","CCNA, Azure",102,DPT003,"Node.js, Azure",1,Completed,37
341,"Raghav Sastry","Power BI, Azure",102,DPT001,"Node.js, Azure",1,Completed,37
111,"Hiran Sidhu","Cisco Routers, Azure",102,DPT002,"Node.js, Azure",1,Completed,37
717,"Oorja Mahajan","Azure, AWS",102,DPT004,"Node.js, Azure",1,Completed,37
334,"Trisha Bhat","Azure, AWS",102,DPT003,"Node.js, Azure",1,Completed,37
675,"Aaina Bumb","Azure, Power BI",102,DPT004,"Node.js, Azure",1,Completed,37
855,"Kartik Ganesan","Azure, CCNA",102,DPT003,"Node.js, Azure",1,Completed,37
674,"Mishti Khosla","CCNA, Azure",102,DPT004,"Node.js, Azure",1,Completed,37
982,"Ivana Tank","Cisco Routers, Azure",102,DPT001,"Node.js, Azure",1,Completed,37
565,"Vihaan Ganguly","CCNA, Azure",102,DPT004,"Node.js, Azure",1,Completed,37
820,"Ishaan Chowdhury","Cisco Routers, Azure",102,DPT004,"Node.js, Azure",1,Completed,37
719,"Vaibhav Devi","Azure, Power BI",102,DPT002,"Node.js, Azure",1,Completed,37
958,"Raghav Dani","Azure, Power BI",102,DPT004,"Node.js, Azure",1,Completed,37
575,"Neysa Sahota","Azure, AWS",102,DPT001,"Node.js, Azure",1,Completed,37
778,"Shray Chauhan","AWS, Azure",102,DPT001,"Node.js, Azure",1,Completed,37
783,"Anahita Bakshi","Azure, AWS",102,DPT004,"Node.js, Azure",1,Completed,37
588,"Kimaya Bhakta","Azure, Power BI",102,DPT004,"Node.js, Azure",1,Completed,37
520,"Krish Varughese","AWS, Azure",102,DPT003,"Node.js, Azure",1,Completed,37
650,"Eva Bhandari","Azure, CCNA",102,DPT002,"Node.js, Azure",1,Completed,37
794,"Charvi Mander","Cisco Routers, Azure",106,DPT001,"Flutter, Azure",1,Completed,37
719,"Vaibhav Devi","Azure, Power BI",106,DPT002,"Flutter, Azure",1,Completed,37
672,"Anika Subramaniam","Cisco Routers, Azure",106,DPT004,"Flutter, Azure",1,Completed,37
229,"Yasmin Varughese","CCNA, Azure",106,DPT003,"Flutter, Azure",1,Completed,37
650,"Eva Bhandari","Azure, CCNA",106,DPT002,"Flutter, Azure",1,Completed,37
860,"Jiya Kumar","Cisco Routers, Azure",106,DPT004,"Flutter, Azure",1,Completed,37
575,"Neysa Sahota","Azure, AWS",106,DPT001,"Flutter, Azure",1,Completed,37
783,"Anahita Bakshi","Azure, AWS",106,DPT004,"Flutter, Azure",1,Completed,37
624,"Riaan Kunda","Power BI, Azure",106,DPT003,"Flutter, Azure",1,Completed,37
977,"Manikya Shenoy","Power BI, Azure",106,DPT001,"Flutter, Azure",1,Completed,37
565,"Vihaan Ganguly","CCNA, Azure",106,DPT004,"Flutter, Azure",1,Completed,37
588,"Kimaya Bhakta","Azure, Power BI",106,DPT004,"Flutter, Azure",1,Completed,37
264,"Seher Hari","Azure, Power BI",106,DPT003,"Flutter, Azure",1,Completed,37
674,"Mishti Khosla","CCNA, Azure",106,DPT004,"Flutter, Azure",1,Completed,37
958,"Raghav Dani","Azure, Power BI",106,DPT004,"Flutter, Azure",1,Completed,37
181,"Nakul Batra","Azure, Cisco Routers",106,DPT004,"Flutter, Azure",1,Completed,37
778,"Shray Chauhan","AWS, Azure",106,DPT001,"Flutter, Azure",1,Completed,37
719,"Vaibhav Devi","Azure, Power BI",106,DPT002,"Flutter, Azure",1,Completed,37
520,"Krish Varughese","AWS, Azure",106,DPT003,"Flutter, Azure",1,Completed,37
624,"Riaan Kunda","AWS, Azure",106,DPT003,"Flutter, Azure",1,Completed,37
759,"Umang Choudhry","Cisco Routers, Azure",106,DPT004,"Flutter, Azure",1,Completed,37
982,"Ivana Tank","Cisco Routers, Azure",106,DPT001,"Flutter, Azure",1,Completed,37
341,"Raghav Sastry","Power BI, Azure",106,DPT001,"Flutter, Azure",1,Completed,37
350,"Alisha Tandon","Azure, CCNA",106,DPT001,"Flutter, Azure",1,Completed,37
334,"Trisha Bhat","Azure, AWS",106,DPT003,"Flutter, Azure",1,Completed,37
855,"Kartik Ganesan","Azure, CCNA",106,DPT003,"Flutter, Azure",1,Completed,37
502,"Sahil Srinivas","CCNA, Azure",106,DPT003,"Flutter, Azure",1,Completed,37
786,"Nishith Sastry","Azure, CCNA",106,DPT002,"Flutter, Azure",1,Completed,37
675,"Aaina Bumb","Azure, Power BI",106,DPT004,"Flutter, Azure",1,Completed,37
262,"Vaibhav Sidhu","Azure, CCNA",106,DPT003,"Flutter, Azure",1,Completed,37
262,"Vaibhav Sidhu","Azure, Cisco Routers",106,DPT003,"Flutter, Azure",1,Completed,37
111,"Hiran Sidhu","Cisco Routers, Azure",106,DPT002,"Flutter, Azure",1,Completed,37
717,"Oorja Mahajan","Azure, AWS",106,DPT004,"Flutter, Azure",1,Completed,37
431,"Jiya Dave","AWS, Azure",106,DPT003,"Flutter, Azure",1,Completed,37
820,"Ishaan Chowdhury","Cisco Routers, Azure",106,DPT004,"Flutter, Azure",1,Completed,37
963,"Ehsaan Dash","Power BI, Azure",106,DPT001,"Flutter, Azure",1,Completed,37
309,"Aarush Mandal","AWS, Azure",106,DPT004,"Flutter, Azure",1,Completed,37
