employeeid,employeename,technologies_covered,manager_id,department_id,technologies_used,milestones_achieved,"training_completed ?",total_projects_by_employee
422,"Rhea Kala","Azure, AWS",103,DPT003,"AWS, Azure",9,"In Progress",17
982,"Ivana Tank","Azure, AWS",103,DPT001,"AWS, Azure",9,"In Progress",17
686,"Akarsh Chada","AWS, Azure",103,DPT001,"AWS, Azure",9,"In Progress",17
375,"Aarna Arora","AWS, Azure",103,DPT002,"AWS, Azure",9,"In Progress",17
982,"Ivana Tank","AWS, Azure",103,DPT001,"AWS, Azure",9,"In Progress",17
233,"Vanya Saha","AWS, Azure",103,DPT002,"AWS, Azure",9,"In Progress",17
502,"Sahil Srinivas","Azure, AWS",103,DPT003,"AWS, Azure",9,"In Progress",17
941,"Trisha Kalita","AWS, Azure",103,DPT003,"AWS, Azure",9,"In Progress",17
728,"Tanya Doctor","AWS, Azure",103,DPT002,"AWS, Azure",9,"In Progress",17
737,"Aaryahi Devan","AWS, Azure",103,DPT002,"AWS, Azure",9,"In Progress",17
693,"Vedika Ratti","AWS, Azure",103,DPT002,"AWS, Azure",9,"In Progress",17
675,"Aaina Bumb","AWS, Azure",103,DPT004,"AWS, Azure",9,"In Progress",17
856,"Divit Wadhwa","Azure, AWS",103,DPT003,"AWS, Azure",9,"In Progress",17
324,"Madhav Shankar","Azure, AWS",103,DPT001,"AWS, Azure",9,"In Progress",17
402,"Elakshi Tailor","AWS, Azure",103,DPT004,"AWS, Azure",9,"In Progress",17
565,"Vihaan Ganguly","Azure, AWS",103,DPT004,"AWS, Azure",9,"In Progress",17
661,"Advika Choudhary","Azure, AWS",103,DPT002,"AWS, Azure",9,"In Progress",17
982,"Ivana Tank","Azure, AWS",103,DPT001,"Azure, AWS",9,"In Progress",17
661,"Advika Choudhary","Azure, AWS",103,DPT002,"Azure, AWS",9,"In Progress",17
422,"Rhea Kala","Azure, AWS",103,DPT003,"Azure, AWS",9,"In Progress",17
737,"Aaryahi Devan","AWS, Azure",103,DPT002,"Azure, AWS",9,"In Progress",17
686,"Akarsh Chada","AWS, Azure",103,DPT001,"Azure, AWS",9,"In Progress",17
324,"Madhav Shankar","Azure, AWS",103,DPT001,"Azure, AWS",9,"In Progress",17
375,"Aarna Arora","AWS, Azure",103,DPT002,"Azure, AWS",9,"In Progress",17
675,"Aaina Bumb","AWS, Azure",103,DPT004,"Azure, AWS",9,"In Progress",17
982,"Ivana Tank","AWS, Azure",103,DPT001,"Azure, AWS",9,"In Progress",17
565,"Vihaan Ganguly","Azure, AWS",103,DPT004,"Azure, AWS",9,"In Progress",17
233,"Vanya Saha","AWS, Azure",103,DPT002,"Azure, AWS",9,"In Progress",17
693,"Vedika Ratti","AWS, Azure",103,DPT002,"Azure, AWS",9,"In Progress",17
502,"Sahil Srinivas","Azure, AWS",103,DPT003,"Azure, AWS",9,"In Progress",17
856,"Divit Wadhwa","Azure, AWS",103,DPT003,"Azure, AWS",9,"In Progress",17
941,"Trisha Kalita","AWS, Azure",103,DPT003,"Azure, AWS",9,"In Progress",17
402,"Elakshi Tailor","AWS, Azure",103,DPT004,"Azure, AWS",9,"In Progress",17
728,"Tanya Doctor","AWS, Azure",103,DPT002,"Azure, AWS",9,"In Progress",17
