"SELECT c.customer_id, c.name, c.credit_score, l.loan_id, l.loan_amount 
FROM customer c JOIN loan_data l ON c.customer_id = l.customer_id
WHERE c.credit_score < (SELECT AVG(c.credit_score) from customer c) AND l.default_rise = 'High' -- either use number 570 or use nested query.
ORDER BY c.credit_score ASC, l.loan_amount DESC;",,,,
,,,,
customer_id,name,credit_score,loan_id,loan_amount
72,Jacob Myers,300,1042,253796
384,Jennifer Kennedy,301,1997,426726
533,William Bishop,301,1785,74343
16,Jonathan Patel,304,718,374649
16,Jonathan Patel,304,663,46602
967,Erica Olson,305,1941,466753
967,Erica Olson,305,177,377465
967,Erica Olson,305,142,154385
80,George Kelly,306,2879,171034
80,George Kelly,306,939,112807
277,Kyle Vazquez,307,430,303150
277,Kyle Vazquez,307,1350,225519
219,Don Monroe II,307,84,14168
353,Laura Jones,308,402,302162
373,Justin Diaz,309,864,215110
108,Holly Wilson,309,1696,174673
222,Jennifer Moss,310,1807,30239
313,Erin Hall,312,2405,324579
313,Erin Hall,312,2383,200071
697,John Tran,312,2565,197839
697,John Tran,312,445,178893
527,Mr. Charles Arnold DDS,316,2976,361543
527,Mr. Charles Arnold DDS,316,2091,77863
29,Kara Harris,316,1054,43552
385,Susan Torres MD,317,2036,433377
385,Susan Torres MD,317,2496,253745
897,Shelby Hernandez,318,397,493506
748,Ryan Gray PhD,318,1742,245812
897,Shelby Hernandez,318,268,195807
476,Dominique Anderson,320,2191,496986
476,Dominique Anderson,320,1287,130753
476,Dominique Anderson,320,848,106811
663,Brianna Gonzales,321,1102,464399
663,Brianna Gonzales,321,23,201812
284,Marc Jackson,321,1614,193997
271,Megan Boyle,322,265,385207
651,William Donaldson,322,582,219321
271,Megan Boyle,322,503,152766
245,John Blevins,323,730,459310
648,Darius Gamble,323,1087,373055
648,Darius Gamble,323,2355,246303
245,John Blevins,323,1485,25834
639,Matthew Lopez,324,297,308081
639,Matthew Lopez,324,1339,7039
82,Anthony Cortez,325,131,54781
82,Anthony Cortez,325,2669,24366
504,Catherine Matthews,327,504,396425
444,Benjamin Mason,329,2198,390094
444,Benjamin Mason,329,2712,342828
674,Catherine Gonzalez,330,98,298754
325,Keith Chavez,330,403,239461
674,Catherine Gonzalez,330,2295,193365
325,Keith Chavez,330,1426,11000
14,Katherine Smith,331,2402,464942
955,Jeffrey Roberts,331,9,428895
955,Jeffrey Roberts,331,1950,76336
955,Jeffrey Roberts,331,471,39317
409,Shannon Gutierrez,333,570,418253
437,Kathryn Wright,333,419,245915
437,Kathryn Wright,333,3000,207680
409,Shannon Gutierrez,333,387,196170
409,Shannon Gutierrez,333,1641,90868
437,Kathryn Wright,333,2013,81590
76,Holly Ramirez,334,2319,256166
500,Stacie Ellis,335,1523,396559
941,Donald Warren,336,53,352113
866,Patrick Wilcox,337,1902,489131
866,Patrick Wilcox,337,2878,293724
636,Lauren Rodriguez,338,1307,344164
505,Carrie Morrison,338,2798,101490
636,Lauren Rodriguez,338,535,9641
199,Kimberly Gutierrez,341,2567,171803
825,Katherine Long,341,896,101297
889,Tristan Burke,344,1269,138555
961,Shannon Vazquez,344,1302,56828
961,Shannon Vazquez,344,379,6085
593,Keith Hale,345,1749,464568
625,James Simon,345,1670,268147
977,Kelly Perry,346,162,352666
997,Emily Ramirez,346,882,251272
861,Matthew King,347,1330,482708
861,Matthew King,347,1623,349321
910,John Parker,347,2509,246434
420,Martin Ramos,349,778,72533
560,Jose Gill,351,1653,467899
461,Barbara Bauer,351,19,298535
162,Rick Herrera,355,175,491728
162,Rick Herrera,355,2933,124848
898,Paul Robinson,355,785,28065
169,John Harris,356,2944,77137
629,Dr. Whitney Cook DVM,357,2209,294263
629,Dr. Whitney Cook DVM,357,1200,287616
722,Derek Humphrey,358,2373,312264
722,Derek Humphrey,358,566,301138
604,Gavin Simmons,359,66,440860
483,Gail Simmons,359,951,151100
604,Gavin Simmons,359,2601,98551
709,Jonathan Case,360,464,460254
709,Jonathan Case,360,1942,176780
490,Victoria Gibson,361,723,313370
851,Ronald Frazier,361,287,132385
841,Marie Payne,363,326,453748
841,Marie Payne,363,638,346839
892,Robert Lewis,363,2152,248391
892,Robert Lewis,363,1017,144180
515,Kimberly Carter,364,507,216888
525,Jason Holden,365,1,481952
291,Christopher Hull,365,1723,269708
149,Billy Baker,365,2557,244754
149,Billy Baker,365,1716,51042
121,Samantha Harmon,367,2072,154951
121,Samantha Harmon,367,2395,33231
148,Dana Flores,368,1227,317074
148,Dana Flores,368,2802,272049
457,Kevin Pena,369,2483,433718
390,Robert Edwards,369,2126,39192
683,Daniel Ramirez,370,153,493919
361,James Jones,370,2190,201427
662,Tiffany Lane,371,870,413312
677,Molly Webster,371,1296,341144
677,Molly Webster,371,2062,328267
719,Christina Caldwell,371,2612,228097
677,Molly Webster,371,1830,40281
917,Keith Armstrong,374,646,373413
830,Rodney Clark,375,2848,363493
598,Madeline Bailey,375,706,335010
186,Kendra Shields,375,89,285987
598,Madeline Bailey,375,2596,28165
812,Brian Lam,377,1434,56880
321,James Oconnor,379,414,490798
321,James Oconnor,379,139,458985
605,Francisco Richardson,380,2221,398220
763,Peter Warren,381,2239,35252
849,Kathleen Long,382,1011,468035
849,Kathleen Long,382,1032,322116
19,Jonathan Vargas,383,2975,200735
724,Phyllis Smith,385,473,391704
378,Evan Jones,385,50,201059
946,Frank Brooks,385,1162,200646
378,Evan Jones,385,625,107563
986,Stephen Clark,386,726,427926
244,Michael Morgan,386,1415,164481
512,Maxwell Baird,387,2157,485177
191,John Moore,387,230,87500
893,Brittany Allen,390,2472,71771
891,James Nunez,391,2992,298195
827,Penny Jordan DVM,392,1755,308541
659,William Miller,392,1701,269101
350,William Garrett,393,2680,87004
565,Sherry Rodriguez,394,1436,323033
474,Adriana Willis,394,1429,14977
758,Karen Liu,395,500,496829
166,Andrea Brown,395,1193,451689
166,Andrea Brown,395,36,169093
92,Andrew Mann,396,2391,192561
649,Andrew Gibson,398,1298,488129
960,Victoria Lara,400,1700,495124
960,Victoria Lara,400,2263,351539
544,Brian Tapia,401,736,498246
126,Jessica Gonzalez,401,840,433401
319,Miranda Clark,402,567,328029
319,Miranda Clark,402,968,268820
209,Courtney Lewis,404,762,140359
35,Mary Silva,404,1194,49018
307,Nathan Warren,405,1153,480061
181,Joseph Jacobson,405,2776,110833
766,Christine Donaldson,406,1797,340698
528,Lauren Flores,406,75,330361
999,David Stevenson,406,2219,90038
211,Heather Barnes,407,2118,455471
211,Heather Barnes,407,2564,392839
211,Heather Barnes,407,934,360097
430,Eric Wilson,407,1115,334018
430,Eric Wilson,407,299,164637
433,Heather Melendez,407,2672,142530
430,Eric Wilson,407,647,86298
716,Dawn Williams,408,678,377975
944,Melissa Garrett,410,1371,136844
922,Rachel Edwards,410,1773,95844
443,Justin Bailey,411,2731,417419
499,Dwayne Chavez,411,1669,207809
499,Dwayne Chavez,411,2694,147450
754,Willie Huff,412,988,438363
769,Jesse Mccarthy Jr.,414,2675,176666
439,Monica Hudson,415,941,372119
439,Monica Hudson,415,295,362396
439,Monica Hudson,415,2165,82907
573,Francisco Browning,415,113,65715
439,Monica Hudson,415,1979,54332
371,Jillian Chase,416,2004,211155
371,Jillian Chase,416,2109,206359
371,Jillian Chase,416,2799,82695
229,Christopher Mills,417,2551,259539
802,Gabriel Snow,418,777,476285
376,Cheryl Wilkinson,418,1365,427860
376,Cheryl Wilkinson,418,998,409730
802,Gabriel Snow,418,792,179750
509,Jose Castaneda,419,31,428189
232,Robert Underwood,420,1574,362201
735,Elizabeth Jones,422,1685,140055
436,Sarah Taylor,424,2142,385075
392,Andre Stewart,424,1308,354719
392,Andre Stewart,424,1088,285985
392,Andre Stewart,424,605,73451
756,Kristie Santiago,425,1494,450963
756,Kristie Santiago,425,1294,201070
397,Courtney Compton,426,932,307932
405,Russell Conner,427,1174,383295
717,Jennifer Jones,430,983,350536
845,Carrie Hart,430,2314,244620
717,Jennifer Jones,430,2248,203894
899,Amanda Leblanc,432,863,327232
155,Samantha Lee,433,2345,348383
633,Jill Murphy,436,2773,464658
379,Beth Cochran,436,34,458116
633,Jill Murphy,436,1139,335337
633,Jill Murphy,436,879,220856
585,Jennifer Summers,436,281,161389
979,Ronnie Andrews,436,1616,150939
362,Travis Wells,436,217,148651
379,Beth Cochran,436,2808,148238
213,Linda Graham,437,612,455271
566,Suzanne Rivers,437,1169,99977
566,Suzanne Rivers,437,1488,45512
213,Linda Graham,437,115,30145
873,Troy Webb,439,674,483424
535,David Crane,439,340,461241
873,Troy Webb,439,2968,138559
654,Heather Vance,440,2063,431025
9,Margaret Miller,440,505,53229
613,Tom Clark,441,2821,206342
160,Christina Davis,442,2538,240251
160,Christina Davis,442,838,16506
818,Nathan Robinson,443,691,437518
255,Colin Thomas,444,2692,494785
282,Crystal Adams,444,1518,456363
753,Rhonda Brown,445,910,257663
966,Shannon Martin,447,276,302182
395,Michelle Macdonald,449,2874,388274
195,Cynthia Arnold,451,1934,329779
913,Richard Macdonald,451,39,128715
107,Luis Hall,452,398,53429
546,Lauren Berry,453,1382,494084
611,Julie Delgado,453,88,303059
611,Julie Delgado,453,1573,191571
192,Alyssa Dennis,454,68,368565
192,Alyssa Dennis,454,2499,18806
286,Christopher Burnett,456,2572,488058
286,Christopher Burnett,456,1493,406214
225,Eugene Kim,456,2352,215069
286,Christopher Burnett,456,2449,164835
859,Todd Cisneros,457,1126,435879
868,Stephanie Ruiz,457,2296,423591
868,Stephanie Ruiz,457,103,159138
859,Todd Cisneros,457,1730,41097
853,Garrett Lang,459,185,69268
988,Dylan Mcdonald,460,577,281006
988,Dylan Mcdonald,460,1134,197922
620,Heather Dunn,461,2278,204909
521,Luis Ferguson,461,2001,79320
620,Heather Dunn,461,578,7593
183,Michael Barnes,462,449,396905
183,Michael Barnes,462,1708,354482
183,Michael Barnes,462,1961,226854
183,Michael Barnes,462,338,190835
159,Ann Mooney,464,1172,306689
51,Richard Lee,466,204,356228
728,Karen Riley,467,334,106752
364,Jacqueline Guerrero,468,1634,387923
240,Laura Simmons,472,1719,479465
681,Amy Meyer,472,2887,457211
638,Lucas Scott,472,1937,245691
632,Charlotte Alvarez,473,328,6280
441,Daniel Webb,474,1556,454128
820,Michael Mclaughlin,474,2800,232436
704,Matthew Ortiz,475,1609,404349
704,Matthew Ortiz,475,1973,372163
582,Antonio Oneill,477,1025,327124
658,Theresa Guzman,479,395,389964
776,Marissa Duncan,479,2134,367104
658,Theresa Guzman,479,1890,358864
776,Marissa Duncan,479,1957,264397
658,Theresa Guzman,479,2394,14903
11,Jason James,481,2824,185327
492,Willie Allen,481,274,159223
492,Willie Allen,481,2667,122926
492,Willie Allen,481,1673,90881
927,Timothy Martin,481,1557,7846
176,Miranda Rodriguez,482,2607,317541
323,Steven Ray,482,1456,307753
472,Virginia Jacobs,483,2016,272458
602,Janice Jenkins,484,2896,296436
134,Joshua Cabrera,484,462,269207
134,Joshua Cabrera,484,1522,211890
416,Charles Tran,484,1052,170889
416,Charles Tran,484,2401,133654
297,Mia Brown,486,1331,22196
665,Robert Young,488,1274,476971
168,Rebecca Richard,489,2185,237934
684,Nicholas Skinner,489,119,190602
684,Nicholas Skinner,489,2143,137838
450,Hector Washington,489,1861,41613
846,Janet Delgado,490,1113,426793
784,Lauren Chandler,490,1001,413849
90,Marie Koch,490,2332,332785
90,Marie Koch,490,2470,285014
354,Frank Bradshaw,490,2023,194375
354,Frank Bradshaw,490,515,169325
874,Charles Porter,491,759,254061
985,David Owens,492,2805,189006
421,David Weiss,492,2376,181756
200,Thomas Spencer,493,2367,482797
65,Colleen Rivers,493,188,344099
200,Thomas Spencer,493,603,326951
921,Sarah Smith,493,108,255874
65,Colleen Rivers,493,2399,126076
200,Thomas Spencer,493,1199,125415
843,Jennifer Rodriguez,493,2733,104404
921,Sarah Smith,493,2853,88707
623,Dennis Villanueva,494,2049,241990
26,Sarah Armstrong,494,970,205973
661,Carmen Avila MD,495,1972,365661
804,Andrea Drake,495,2422,215825
727,Patrick Bennett,496,2880,83694
642,Martin Allen,496,1424,78252
883,Ruben Weiss,498,1256,33368
27,Ms. Kimberly Gomez DVM,499,97,319264
470,Heather Harris,499,2660,143751
27,Ms. Kimberly Gomez DVM,499,2996,85170
808,Alex Melendez,500,1581,436448
729,Raymond Hansen,501,749,115635
465,Benjamin Stewart,501,2269,5816
563,Kenneth Moreno,502,1955,437349
572,Mary Simpson,502,1471,326503
572,Mary Simpson,502,1532,185277
429,Brandi Byrd,502,1918,135851
647,Kayla Cox,504,2906,441797
102,Stacey Walsh,505,782,147088
102,Stacey Walsh,505,2925,115020
39,Selena Roberts,506,1954,319997
39,Selena Roberts,506,298,9597
646,Ruben Mathews,507,1101,97970
506,Thomas Villarreal,509,732,405993
746,Madison Brooks,509,1647,134932
746,Madison Brooks,509,2236,37401
100,Jasmine Chavez,510,1033,429801
100,Jasmine Chavez,510,1864,277357
158,Anthony Reese,510,472,232767
100,Jasmine Chavez,510,2047,184935
974,Gerald Thompson,510,2258,128780
974,Gerald Thompson,510,2713,16453
363,Timothy Casey,512,2929,468925
172,Lisa Chan,512,1250,468723
363,Timothy Casey,512,1535,369828
172,Lisa Chan,512,1905,94806
157,Rachel Walker,513,1089,484684
2,Steven Hicks,513,1501,107613
794,Carla Rose,514,2568,108993
539,Mary Thompson,516,1969,473920
823,Cynthia Davis,516,690,427935
123,Megan Dixon,516,943,380342
539,Mary Thompson,516,1661,191835
489,Ashley Jones,517,1451,465961
96,Jennifer Sparks,517,2087,333536
547,Ellen Watson,517,2064,281475
96,Jennifer Sparks,517,474,129143
428,Randall Jackson,518,695,396214
330,Kimberly Rose PhD,518,1709,184172
991,Donald Macias,520,1129,157284
952,Charles Krause,522,1796,336024
952,Charles Krause,522,677,318769
140,Diane Crosby,522,28,144321
952,Charles Krause,522,1389,29065
542,Matthew Johnson,523,800,154362
551,Heather Mueller,523,928,120274
66,John Perez,524,1617,491418
66,John Perez,524,2466,227220
380,Paul James,524,2205,192916
710,Diane Richardson,525,2372,445121
61,Jasmin Griffin,525,633,248491
53,Lisa Nelson,525,1991,173326
309,Mary Hall,526,1569,215567
614,Jason Fletcher,528,2490,497811
708,Shane Rivers,529,2818,342932
630,Carol Russell,530,2375,450814
306,Heather Fletcher,530,810,325932
306,Heather Fletcher,530,1763,323539
668,David Gillespie,530,1843,169680
668,David Gillespie,530,2993,140973
668,David Gillespie,530,2785,74029
143,Cindy Daniel,530,1442,48667
511,Regina Wilson,531,1920,463830
511,Regina Wilson,531,841,457765
197,Annette Cook,531,122,425077
511,Regina Wilson,531,206,257232
167,Cheryl Wright,531,1356,68568
645,Christopher Watson,533,981,318320
817,Emily Rodriguez,534,1848,468895
624,Jared Patterson,534,807,342134
844,Timothy Hester,534,1050,302152
844,Timothy Hester,534,2512,242443
817,Emily Rodriguez,534,2794,142924
817,Emily Rodriguez,534,1842,103914
624,Jared Patterson,534,2067,55334
62,Linda Moreno,534,508,29994
803,Joshua Carlson,537,70,422665
594,Ruth Weaver,540,2860,293749
594,Ruth Weaver,540,2059,69852
253,Paige Wolf,541,2561,43599
491,Lisa Hawkins,542,1045,270638
715,Dennis Lewis,542,452,265237
442,Sonya Burke,542,2212,262439
491,Lisa Hawkins,542,2831,91779
442,Sonya Burke,542,2982,67189
713,Lauren Bennett,542,965,22287
619,Brandon Morrison,544,335,484856
382,Robert Dominguez,544,1084,343335
382,Robert Dominguez,544,788,222881
619,Brandon Morrison,544,2875,139297
235,Susan Anderson,545,1214,301693
578,Isaac Olson,546,2530,133023
578,Isaac Olson,546,1496,52670
578,Isaac Olson,546,2095,28435
578,Isaac Olson,546,1489,12916
926,Shannon Stevens,547,1606,461994
352,Danielle Durham,547,509,421115
352,Danielle Durham,547,239,382946
312,Michael Davis,547,2502,93632
657,Dr. Donald Kane Jr.,548,2055,497359
657,Dr. Donald Kane Jr.,548,2989,307211
344,Jessica Simpson,549,2216,302254
5,Julie Hart,550,166,121586
692,Cheryl Anderson,553,2215,369461
653,Shirley Watson,553,1106,193328
246,Edward Lopez,554,112,448346
485,Joshua Church,554,263,186758
485,Joshua Church,554,2058,117245
326,Douglas Holland,554,1095,110260
326,Douglas Holland,554,2292,31555
206,Joe Gonzalez,554,1448,26793
634,Cheryl Lowe,556,804,328337
6,Debra Gibson,556,2410,271257
84,Crystal Huff,556,1219,170730
49,Jeremy Ross,556,2513,106023
6,Debra Gibson,556,1012,87028
6,Debra Gibson,556,626,34823
8,Ashley Young,557,1039,231965
8,Ashley Young,557,2921,76931
508,Jennifer Johnson,557,1711,42320
940,Tyler Walsh,559,1023,436688
280,Andrew Pace,560,17,163967
278,Shannon Turner DDS,561,2339,461052
278,Shannon Turner DDS,561,2846,202194
495,Kristina House,561,141,109608
622,Brian Guerrero,562,2254,327393
622,Brian Guerrero,562,2936,312585
202,Rodney Hamilton,563,2559,470726
202,Rodney Hamilton,563,720,151460
273,Dana Cohen,565,1930,486474
775,Jennifer Tran,567,1715,128738
775,Jennifer Tran,567,2093,33650
22,Whitney Clark,569,2021,445630
22,Whitney Clark,569,1594,427198
939,Elizabeth Lopez,569,8,223287
414,Mrs. Sarah Swanson,569,2757,108297
939,Elizabeth Lopez,569,324,12928
938,Anthony Mitchell,570,214,431326
534,Jason Moore,572,332,468694
218,Kimberly Montes,572,1213,180631
218,Kimberly Montes,572,207,55395
637,Rachel Stewart,573,1110,457269
637,Rachel Stewart,573,2261,431803
173,Sarah Pierce,573,2150,412170
173,Sarah Pierce,573,475,342703
343,Robert Rogers,575,1387,309128
343,Robert Rogers,575,1465,231338
