"SELECT 
CASE 
	WHEN c.credit_score >= 750 THEN 'Excellent (750+)'
	WHEN c.credit_score BETWEEN 650 AND 749 THEN 'Good (650-749)'
	WHEN c.credit_score BETWEEN 550 AND 649 THEN 'Fair (550-649)'
	ELSE 'Poor (<550)'
END AS credit_score_category, COUNT(l.loan_id) AS total_loans, AVG(l.loan_amount) AS avg_loan_amount, SUM(l.loan_amount) AS total_disbursed_amount
FROM customer c JOIN loan_data l ON c.customer_id = l.customer_id
GROUP BY credit_score_category ORDER BY avg_loan_amount DESC;",,,
,,,
credit_score_category,total_loans,avg_loan_amount,total_disbursed_amount
Excellent (750+),565,257058.3752,145237982
Good (650-749),525,256719.8838,134777939
Poor (<550),1417,249930.0642,354150901
Fair (550-649),493,244853.6917,120712870
