"select l.loan_id, month(l.loan_date) as start_month, timestampdiff(month,l.loan_date,curdate()) as supposed_payment_count, l.loan_status as current_status
,(select timestampdiff(month,t.transaction_date,l.loan_date) where l.loan_status = 'closed' and t.transaction_type = 'Prepayment') as loan_duration,
(select abs(loan_duration - supposed_payment_count)* 0.18) as int_loss_months -- difference for 18 % loan
from loan_data l join transaction t ON l.loan_id = t.loadn_id where l.loan_status = 'closed' and t.transaction_type = 'Prepayment' order by int_loss_months desc limit 5;",,,,,
,,,,,
loan_id,start_month,supposed_payment_count,current_status,loan_duration,int_loss_months
959,6,59,Closed,-50,19.62
1886,3,62,Closed,-46,19.44
859,4,60,Closed,-45,18.9
508,2,63,Closed,-42,18.9
1255,7,58,Closed,-47,18.9
