"SELECT l.loan_status as Active_Status, f.feedback_category, MAX(f.sentiment_score) AS max_sentiment_score, MiN(f.sentiment_score) AS min_score, COUNT(l.loan_id) AS total_loans, 
SUM(CASE WHEN l.default_rise = 'High' THEN 1 ELSE 0 END) AS high_risk_loans
FROM feedback f JOIN loan_data l ON f.loan_id = l.loan_id
GROUP BY f.feedback_category,l.loan_status ORDER BY max_sentiment_score,min_score DESC;s",,,,,
,,,,,
Active_Status,feedback_category,max_sentiment_score,min_score,total_loans,high_risk_loans
Closed,Repayment Terms,-0.51,-1,186,60
Defaulted,Approval Process,-0.51,-1,178,55
Defaulted,Repayment Terms,-0.51,-1,163,59
Closed,Customer Service,-0.5,-0.99,173,60
Closed,Approval Process,-0.5,-0.99,181,52
Closed,Interest Rates,-0.5,-1,144,44
Defaulted,Interest Rates,-0.5,-1,182,52
Approved,Interest Rates,-0.5,-1,173,70
Approved,Customer Service,-0.5,-1,218,67
Rejected,Approval Process,-0.5,-1,156,44
Rejected,Interest Rates,-0.5,-1,157,44
Approved,Repayment Terms,-0.5,-1,195,46
Approved,Approval Process,-0.5,-1,153,52
Defaulted,Customer Service,-0.5,-1,165,48
Rejected,Repayment Terms,-0.5,-1,142,48
Rejected,Customer Service,-0.5,-1,143,42
