"SELECT 
CASE 
	WHEN c.age BETWEEN 18 AND 25 THEN '18-25'
	WHEN c.age BETWEEN 26 AND 35 THEN '26-35'
	WHEN c.age BETWEEN 36 AND 45 THEN '36-45'
	WHEN c.age BETWEEN 46 AND 60 THEN '46-60'
	ELSE '60+'
END AS age_group, COUNT(l.loan_id) AS total_loans, SUM(l.loan_amount) AS total_disbursed_amount, AVG(l.loan_amount) AS avg_loan_amount
FROM customer c JOIN loan_data l ON c.customer_id = l.customer_id
GROUP BY age_group ORDER BY total_disbursed_amount DESC;",,,
,,,
age_group,total_loans,total_disbursed_amount,avg_loan_amount
46-60,914,233408663,255370.5284
60+,631,151707940,240424.6276
36-45,554,143068317,258246.0596
26-35,505,130327106,258073.4772
18-25,396,96367666,243352.6919
