Title,Release Date,Genres,IMDb Rating,Normalized IMDb Rating,Top 3 Actors,Box Office,Total Awards,Metascore,Language,Production
Purple Rain,1984-07-27,"['drama', 'romance', 'music']",6.5,0.65,"Apollonia Kotero, Morris Day, Prince",70261052,19,0.55,English,Independent
Guns Of Redemption,2025-03-07,['western'],,No Rating,"Casper Van Dien, Kaitlyn Kemp, Siena Bjornerud",No Collection Reported,19,No Metascore,English,Independent
The Island Between Tides,2024-03-07,"['drama', 'mystery']",,No Rating,"David Mazouz, Donal Logue, Paloma Kwiatkowski",No Collection Reported,19,No Metascore,English,Independent
Play It As It Lays,1973-06-07,['drama'],6.4,0.64,"Anthony Perkins, Tammy Grimes, Tuesday Weld",No Collection Reported,1,No Metascore,English,Independent
The Way My Way,2024-05-16,['drama'],6.7,0.67,"Chris Haywood, Jennifer Cluff, Laura Lakshmi",No Collection Reported,1,No Metascore,English,Independent
The Corpse Of Anna Fritz,2015-10-30,"['drama', 'thriller']",5.9,0.59,"Alba Ribas, Albert Carbó, Cristian Valencia",No Collection Reported,1,No Metascore,Spanish,Independent
You Burn Me,2024-10-03,['drama'],,No Rating,"Agustina Muñoz, Ana Cristina Barragán, Maria Inês Gonçalves",No Collection Reported,5,No Metascore,English,Independent
